id	headline
500	Test to predict breast cancer relapse is approved
501	Two Hussein allies are hanged, Iraqi official says
502	Sights and sounds from CES
503	Schuey sees Ferrari unveil new car
504	Closings and cancellations top advice on flu outbreak
505	Trucks swallowed in subway collapse
506	Sarkozy letter surprises French cartoons hearing
507	Building a memorial to a son, one child at a time
508	Lawmaker seeks iPod ban in crosswalks in New York
509	Diabetic waits months for eyeglasses
510	Sudan tells United Nations envoy to leave in 72 hours
511	5000 years on but couple still hugging
512	Defense to challenge Russert's credibility
513	Ozzy, a Hero for the hard-rocking masses
514	CIA leak trial summary
515	Dance movie takes over No. 1
516	Asian nations urge Myanmar reform
517	After Iraq trip, Clinton proposes war limits
518	7 dead in apartment building fire
519	Male sweat boosts women's hormone levels
520	Carphone Warehouse's mixed signals
521	Democrats plot Bush troop increase censure
522	Cisco sues Apple over iPhone name
523	BB star Jackson denies Goody comments
524	Inter Milan set Serie A win record
525	US Airways boosts bid for Delta
526	Press sees hope in Mecca talks
527	Bears fan loses bet and changes name
528	Global National Major child porn ring bust
529	'Human hair' clue in hunt for airliner
530	Johnny Depp to make movie of spy poisoning
531	Really?: The claim: the pill can make you put on weight
532	5 money makeovers
533	TBS to pay $2M fine for ad campaign bomb scare
534	"Stomp the Yard" has winning moves in its weekend debut
535	Discovered boys bring shock, joy
536	Bernhard set to leave Volkswagen
537	Pacers' Jackson misses gun hearing
538	Cases: when the simple solution is the right one
539	Two Muslim groups sue French newspaper International
540	Golden Globes on their way
541	At New OZZFEST, Freedom Ain't Free
542	Federer handed tough Aussie draw
543	Protesters end strike as Nepal PM concedes demands
544	Turner pays for Boston "bombing"
545	Two detained in body parts mailing
546	Essay: about that mean streak of yours: psychiatry can do only so much
547	Hussein's niece pleads for father's life
548	Sarkozy heads for clash in cartoons row
549	Global web of suspects in child-rape download
550	Blake defeats Moya to retain title
551	Storms kill, knock out power, cancel flights
552	Aquarium puts ailing beluga whale to sleep
553	Microsoft, Sony, we have a problem
554	A police state? The issues
555	Move to ban iPods from crossing the street
556	India's Taj Mahal gets facelift
557	Cheney to Congress: Can't run Iraq war by committee
558	Ganguly handed India squad call-up
559	Fortune: Looking beyond the iPhone
560	Really?: The claim: the back seat of a car is the safest place to sit
561	Vaccine mandate upsets legislators
562	News analysis: Iranian boast is put to test
563	Panel issues bleak report on climate change
564	Virtual 'American Idol' hits right notes
565	Iraq car bombings kill 22 People, wound more than 60
566	'Stomp' steps to No. 1 at box office
567	Google executive acts as goodwill envoy
568	Filipino woman kidnapped in Nigeria
569	Seahawks, Bears vie for shot at NFL title
570	Brown not buried as estate issues loom
571	Will Rob Cohen Direct Third 'Mummy'?
572	EU will urge China to go green
573	17th-Century Remedy; 21st-Century Potency
574	Forecasters expect toasty 2007
575	'Sunshine' Goydos wins Sony open
576	Teacher charged with sex assault
577	Merck: Gardasil may fight more strains
578	Mountain glaciers melting faster, United Nations says
579	Snow causes airport closures in Britain
580	Bananaconda inventor is top poet of kids
581	Shareholders sue Apple
582	Israelis retaliate after attack by Lebanese Army
583	Deadly bird flu confirmed in British Turkeys
584	Too little sleep may mean too fat kids
585	Bathing mom awakes to find baby dead
586	Visitors to Eiffel Tower climb to record in 2006
587	More sleep, healthier slimmer children 
588	Queen battles Bond for Baftas
589	Walters on Trump: 'Poor, pathetic man'
590	Ice storm smacks roads, power
591	Iran says it will strike US interests if Attacked
592	Palestinian factions to resume talks
593	Study: men's sweat triggers high sexual arousal in women
594	Outcry at N Korea 'nuclear test'
595	Russia plans major military build-up
596	Archaeologists find remains of couple locked in a hug
597	Stenson defends his title at Dubai
598	Taking the plunge
599	Updates on world's top stories
600	Man rides stationary bike for 85 hours
601	Ice storm coating Midwest
602	A Mistrial for Lieut. Watada
603	Iran warns will hit back at US if attacked
604	ASEAN talks end on energy-security
605	Iraqi death toll exceeded 34,000 in 2006, United Nations says
606	Israel intensifies military flights over Lebanon
607	New gadgets galore at tech show
608	Another death at Georgia Aquarium
609	US to urge Nato Afghan spring offensive
610	UK letter bombs may be from extremist drivers
611	Asia seeks breakthrough on North Korea
612	Federer overcomes a ragged start
613	Rowdy fans ejected from the Open
614	Terai protesters hail 'historic' victory over government
615	Anger at release of two held over beheading plot
616	Bush adamant on troops to Iraq
617	Bebe Neuwirth gets to 'wiggle again'
618	Beckham to L.A.: For the game not fame
619	Sleep more to fight childhood obesity
620	Abbas rejects temporary state
621	Investigation of child porn site hits 77 nations
622	Sleuths close in on Odysseus home
623	Variety: Johnny Depp to make movie of spy poisoning
624	Ice storm cripples central U.S.
625	Park stars as United maintain lead
626	Prehistoric Romeo and Juliet discovered
627	India's famous landmark gets facelift
628	Joseph Wambaugh's new start
629	Participant in water-drinking contest dies
630	Apple drops bombshell with iPhone
631	Bollywood's 'Brangelina' engaged
632	Shiite fighters arrested in crackdown, Iraq says
633	Rio De Janeiro journal: drawing lines across the sand, between classes
634	Models' health guidelines -- will they help?
635	Stepping back in time at ski resort
636	Test cricketer jailed over killing
637	Walnuts 'combat unhealthy fats'
638	Apple to Vista upgraders: 'Wait'
639	Injured Sarwan to miss one-dayers
640	Firms on alert for letter bombs
641	Studios sign off on movie downloads
642	Asif returns with four-wicket haul
643	Bush authorized Iranians' arrest in Iraq, Rice says
644	Porn ring scandal reaches Australia
645	Deputy health minister arrested in US-Iraqi raid
646	Senator Carl Krueger thinks iPods can kill you
647	Finally, Senate okays anti-terror bill Manila
648	Somalia declares state of emergency
649	Matt shines with his Alpine finish
650	BP CEO Browne to step down in June
651	An iPhone by any other name? Surely not
652	Life in Gaza steadily worsens
653	The energy challenge | Exotic visions: how to cool a planet (maybe)
654	Easy ways to (really) save $400,000
655	Shareholders sue Apple
656	Findings: Can humanity survive? Want to bet on it?
657	Iran steps up production of weapons-grade uranium
658	Rig-threat cargo ship towed ashore
659	Palestinians say clashes hurt their cause
660	Male sweat can raise hormones
661	Vital Signs: Hazards: Antidepressant linked to fractures in older people
662	Peron held over '70s rights abuses
663	Space life search turns to TV
664	Super Bowl ads of cartoonish violence, perhaps reflecting toll of war
665	YouTube told to drop celeb sex video
666	Beckham & Posh and more athlete-celebrity couples
667	City sets up ice storm shelters
668	Libby prosecutors await judge's rulings
669	Review: 'Alpha Dog' misses the point
670	Republicans plan to block Iraq debate
671	Mixed reaction to China's Africa push
672	Snowed in the Canadian Rockies
673	Skip the showers: male sweat turns women on, study says
674	Gently Weeps' lyrics sheet up for sale
675	Canete wins inaugural Joburg Open
676	Rights group halts violent Nepal strikes
677	Real suffer Carlos injury setback
678	Astronaut may have buckled under stress
679	Gunmen abduct Filipino woman in Nigeria
680	NFL team's fan of the year: 'Flag Lady'
681	No 10 rejects police state claim
682	Malaysian AirAsia X to fly in July
683	10 kidnapped at Nigeria oil base
684	Guy sweat is babe magnet
685	Township tourism booming in South Africa
686	'Alpha Dog' misses the point
687	Iran leader pays Nicaragua a visit
688	'Grey's,' 'Pirates' lead People's Choice
689	Terror network
690	Now it's official: Iraq's a mess
691	Snow brings travel misery to England
692	James Brown's 5-year-old son left out of will
693	Two men killed by London tube train
694	US millions fail to buy influence in deadly Gaza power play
695	PLO ministers agreed upon in Mecca
696	Squadron apologies over 'friendly-fire' death
697	New Orleans violence sparks tourism fears
698	Friendly fire pilot 'experienced'
699	SPACE.com: Black hole triplets spotted
700	Vaccines: Mandate or choice?
701	Congolese soldiers riot, loot over pay issue
702	Commodities lead Europe higher
703	Ingredient in male sweat raises women's hormone levels
704	Goetschl ends Austrian win drought
705	Doomsday Clock ticking away
706	Troops massing around Somali town
707	Tariq Ramadan has an identity issue
708	Peretz orders IDF to respond with force to north border attacks
709	Trains crash near Thai resort town
710	Hamas, Fatah return to unity gov't talks in Mecca
711	Pats' fourth-quarter rally finishes Chargers
712	7 Die As US Helicopter Crashes in Iraq
713	Millionaire secret Santa dies
714	Morrissey may cheer up Eurovision
715	Christian values guide Dungy and the Colts
716	Israeli woman's tirade spurs PM outrage
717	Passing exchange becomes political flashpoint
718	Police probe 2 church fires half mile apart
719	Italy to try US soldier for agent's Iraq death
720	Depp to star in spy poisoning film
721	'24's' Jack Bauer returns
722	US Airways boosts bid for Delta
723	Even before its release, world climate report is criticized as too optimistic
724	Second hanging also went awry, Iraq tape shows
725	Howell takes one shot lead in Sony Open
726	Psych checks reviewed after astronaut's crack-up
727	Pap Test, a mainstay against cervical cancer, may be fading
728	Martins leads Newcastle fightback
729	PS3 pricey but impressive
730	Pluto's revenge: 'Word of the Year' award
731	European Space Agency
732	Hackers strike at key Internet servers
733	Hussein co-defendants executed
734	Memo from Frankfurt: Germany relives 1970s terror as 2 seek release from jail
735	Blissing out in Ojai
736	Houston, she's got some problems
737	Amazon.com has 'best ever' sales
738	Hackers attack root servers
739	Video games can improve your vision
740	Internet attacked! (Did anyone notice?)
741	In Washington, contractors take on biggest role ever
742	Floods force Malaysia evacuations
743	On MySpace, girls seek friends, boys flirt
744	Tests of drug to block H.I.V. infection are halted over safety
745	Zoo polar bear to have root canal
746	Europe take big Royal Trophy lead
747	Israel to install cameras to show live Mughrabi footage
748	'We lit our last candle yesterday'
749	Google buys YouTube for $1.65bn
750	PSP number one Sony platform in Japan
751	England include Giles in WC squad
752	Beckham 'won't play again for Real'
753	Eight years for Damilola killers
754	PC World editor slain at California home
755	Hands on 'Doomsday Clock' move forward
756	Zach Braff says he has 'mild depression'
757	Investigation of child porn site hits 77 nations USA Today
758	Science panel calls global warming unequivocal
759	News Baby pandas! Baby pandas! Baby pandas!
760	Get ready for the earnings
761	Germany agonizes over a brain drain
762	Iran and Nicaraguan leaders meet
763	Secret hotels in Irish countryside
764	Fine wines in British Columbia
765	Philippine president welcomes Senate approval of anti-terror bill 
766	Small jet crashes on takeoff, killing 2
767	Bigger, more aggressive rats infesting UK
768	Travel+Leisure: Next island hot spot: St. Lucia
769	Real Mallorca rock leaders Sevilla
770	Iran's boast on uranium enrichment is put to test
771	Personal health: for teenagers, the car is the danger zone
772	Bird watchers flock to see rare owl
773	Eye on cosmos is lost to short circuit on hubble
774	Too young for this: facing cancer under 40
775	Unilever group names new chairman
776	Minister slams airlines on carbon
777	Rare optimism as North Korea talks reach crossroads
778	Man beheaded in southern Thailand
779	China's 'nightmare scenario'
780	Annual diving contest in South Korea proves a chilly challenge
781	Blair says he regrets delays in British soldier's inquest
782	Iraqi forces detain official suspected in Shia conspiracy
783	Wellcome awards anti-fat research
784	Fingers crossed for North Korea
785	No intention of war with Iran, US says
786	What Newsom faces in aftermath of scandal
787	Maggie Gyllenhaal's Globes babysitter: Mom
788	As inflation soars, Zimbabwe economy plunges
789	Pledge: I was abused in frat hazing
790	Experts: Fear likely shackled boy
791	What's behind the chopper crashes in Iraq
792	Freed Muslim terror suspect says Britain is "police state"
793	Blair apologises over friendly fire inquest
794	Depp 'to make Litvinenko movie'
795	Why gas follows oil up but not down
796	'Cravings' still there, sez Tara
797	Bill would strip convicted legislators of pensions
798	Bears watch as lead slips away
799	In clue to addiction, brain injury halts smoking
800	In rigorous test, talk therapy works for panic disorder
801	Rice: U.S. won't pull plug on Iraq
802	On road to Kosovo independence, a warning: go slow
803	Mistrial for officer who refused to go to Iraq
804	Rebels to join Nepal parliament
805	EMI warns on profits, boss goes
806	Subway collapse caught on camera
807	Stinky but true: men's sweat is made for love
808	POLITICS-US: reprieve for officer who denounced "Immoral War"
809	Hunters stalk world's tallest trees
810	Fuel spill may lead to missing jet
811	Sri Lanka floods displace 60,000
812	Justin Timberlake, Cameron Diaz announce split
813	Iran to hit US interests if attacked
814	Israel says hopes to keep Lebanon border calm
815	Cisco sues Apple over iPhone name
816	Two Palestinians killed near fence
817	EarthLink CEO dies at age 49
818	A star dies, a family feud is born
819	Carter was a disaster, said Ford
820	Super Bowl MVP Manning insists he's one of the guys
821	Personal health: the importance of knowing what the doctor is talking about
822	Israel's Peretz urges halt to contentious Jerusalem construction
823	Peter Jackson will never work for me again
824	U.S. keeps Iran options open
825	European shares hit fresh highs
826	For women, nothing's like the smell of men's sweat
827	Looking beyond the iPhone
828	Freed kidnap suspect: my terror at police raid
829	Far away, Super Bowl's losers will be champs
830	Woman dies after water binge
831	Mancuso sparks U.S. celebrations
832	ASEAN urges North Korea resolution
833	Late penalty costs Roma the points
834	Mistrial declared in teacher-student rape case
835	'Bookworm Adventures' wordsmith's joy
836	Kylie's love split
837	iPod good for video games
838	Review: virtual 'American Idol' hits right notes
839	Leo battles himself
840	Attorneys point fingers in fight between Ryan O'Neal and son
841	John Grisham set for court drama
842	Bill Gates and Craig Mundie: vista is Secure, employees are not
843	Iraqis fault delayed U.S. plan in attack
844	Boy Scouts blamed for starting wildfire
845	China urges UN action on N Korea
846	Scorpion on a plane, a pantful of pain
847	Male sweat boosts women's hormone levels
848	Mbeki on the big visit from the Chinese
849	French right nominates Sarkozy
850	Israeli, Lebanese clash on border
851	North Korea claims nuclear test
852	Talks begin on Somalia peacekeepers
853	Action games improve eyesight
854	A small part of the brain, and its profound effects
855	IDF shells Lebanese Army positions across northern border
856	Thailand: missing 25 years after taking wrong bus
857	Ballerina sparks anti-fascist row
858	Internet boom in China is built on virtual fun
859	Review: PS3 pricey but impressive
860	Machinery orders drive Asia upward
861	'Lost's' Fox: 'I'm a liar and a cheat'
862	Russia to strengthen its military muscle
863	At Libby trial, Russert of NBC gives and gets
864	North Korea ready to discuss first steps to nuclear resolution
865	Victim: Gunman bought drink after shooting
866	Ferrer victorious in Spanish duel
867	UK workers on alert for letter bombs
868	Did NASA accidentally kill life on Mars?
869	New vaccine for cervical cancer could prove useful in men, too
870	Search on for victims of subway collapse
871	Human error caused Helios crash
872	US to prod NATO allies for more troops to defeat Taliban
873	Microsoft supports OpenID authentication standard
874	No buyer in sight for Napster
875	Briefly: preloaded iPods, Wal-Mart movies, Apple stores
876	China says rich countries should take lead on global warming
877	North Korea may begin to dismantle nukes
878	Tracking down hi-tech crime
879	Barack Obama formally announces bid for president
880	Kidnappers seize two in Nigeria
881	Indonesia may sell, not give, bird flu virus to scientists
882	Attack video saddens "friendly fire" widow
883	Europe retain trophy with big win
884	Cutting edge accessories for digital music players
885	Ice storm descends on central U.S.
886	Snow brings travel misery to England
887	Indonesia flood forces 340,000 from homes
888	Iraqi health minister seized in raid 
889	Ice storm brings chaos in U.S.
890	Stinky flower mystery solved
891	Congressman rebukes U.S. allies for lack of support in Afghanistan 
892	Roddick overcomes Federer in final
893	Prehistoric Romeo and Juliet discovered
894	Donald and Goydos share Sony lead
895	U.S. and Iraqis are wrangling over war plans
896	Sea search for missing Microsoft scientist
897	Iran to Hit US Interests if Attacked
898	Blair: Terror battle will be long
899	Bear cub returned to the wilderness
900	Carrefour sales growth falls short
901	Allied with democrats, Lieberman easily aligns with Republicans
902	In the Rockies, pines die and bears feel it
903	Iran to strike US interests if attacked
904	Nipple covers, other star secrets
905	Apple: no iTunes for you if you have Vista!
906	Smokestacks in a white wilderness divide Iceland
907	That'll cost ya
908	Botched hangings in Iraq speed sectarianism
909	Male sweat raises female hormones
910	7 GOP senators to force debate on troops in Iraq
911	Bangladesh ends curfew amid unrest
912	Italy's dispute with US over Iraq shooting
913	Here come the Globes!
914	Snow causes transport chaos in Britain
915	Snow causes airport closures in Britain
916	Second opinion: girl or boy? as fertility technology advances, so does an ethical debate
917	Heavy snow causes travel chaos and shuts schools
918	Barbaro's legacy: saving other horses
919	Luxury digs in South Carolina's Lowcountry
920	Dozens killed in Baghdad bombing
921	Ice storms kill 21 across nation
922	De Villiers takes over Dakar lead
923	Vietnam becomes WTO's 150th member
924	South African trio share advantage
925	Observatory: poison begets poison
926	Action intensity boosts vision
927	Why the smell of a man's armpit is a turn-on
928	Nokia 5300 Xpress Music
929	Dell to cut bonuses, trim management
930	Second drop in cancer deaths could point to a trend, researchers say
931	TV game shows go interactive
932	Boy missing since 2002 found alive
933	US, North Korea signed nuclear memo
934	Russia honors Sputnik designer
935	In Kenya's capital, a sense that danger is ever stronger
936	Bill, thanks for the RSA memories... and laughs
937	Friendly fire pilot 'experienced'
938	MySpace welcomes French friends
939	Airlines: UK airport runway unsafe
940	The amounts you have to pay for a bomb scare
941	In Egypt, Rice speaks softly
942	Weekly Nielsen Yvonne De Carlo, 'Munsters' star, dead
943	Senate votes to revoke pensions
944	EarthLink CEO dies at age 49
945	Software giant SAP misses target
946	Vital signs: mental abilities: folic acid may improve thinking skills
947	De Villiers stretches overall lead
948	Families celebrate return of sons
949	China detains 2 after body parts found in mail
950	North Korea ready to discuss nuke disarmament
951	For women, nothing's like the smell of men's sweat
952	Nadal wants Australian Open crown
953	Beijing journal: Olympic construction unearths ancient treasure trove
954	Chinese president arrives in Mozambique, African tour nearly over
955	Reclusive 'Mockingbird' author attends show
956	Asia near pact on energy, security
957	Philippine anti-terror law delayed until June
958	Ex-suspect slams anti-terror laws
959	Study detects a gene linked to Alzheimer's
960	Panda cub makes her debut
961	Harris haul puts South Africa on top
962	Weight-loss drug to be sold over the counter
963	Beckham outlines reasons for move
964	Study finds gritty air raises heart disease risk in older women
965	Venezuela, Iran fight U.S. dominance
966	'Housewives' star Marcia Cross on bed rest
967	Blog: Here come the Globes!
968	Greek police hunt embassy attackers
969	Apple warns iTunes users to wait on Vista
970	Tsunami fears ease after quake
971	China considers Eurobond reserves
972	Underarm bowls them over
973	At least 130 die as blast levels Baghdad market
974	New McCain team made attack ads he once faulted
975	Deaths as bird flu flares in Asia
976	Hamas, Fatah leaders pledge to meet until they reach agreement
977	Officers had 'rapport' with alleged abductor
978	No e-Book for Harry Potter VII
979	Review: Nokia 5300 Xpress Music
980	'Can't do this anymore'? Not Jack
981	Black hole triplets spotted
982	Israel weighs old city project webcast
983	Indonesian bird flu deaths hit 61
984	Somali refugees cut off from aid
985	Microsoft downplays Vista speech-recognition hack
986	Next island hot spot: St. Lucia
987	Italy to hold no-show trial of Bronx GI in Iraq slay
988	Rescued boys parents hail 'miracle'
989	Canadians tracked in child porn ring
990	Teen hacks Venezuelan government Web sites
991	Russia plans new ICBMs, nuclear subs
992	Gere cheers sex workers in AIDS fight
993	Study: Male sweat causes female hormones to rise
994	Collision on icy road kills 7
995	Surprise: China cuts price of gas
996	What the Godfather of Soul meant to me
997	New Mars orbiter spots Pathfinder landing site
998	Mass Venezuela opposition rally
999	Glamour -- and 'Borat' -- at Golden Globes
1000	Terror officials see Al Qaeda chiefs regaining power
1001	Ivrea journal: In Italian town, a civics lesson from pelting neighbors
1002	Iraqi sunni lands show new oil and gas promise
1003	Princess and heir of Franz Ferdinand fights to repeal a law and gain a castle
1004	A film star in Kampala, conjuring aminos ghost
1005	Militants attack U.S. base in Iraq
1006	North Africa feared as staging ground for terror
1007	Iran says Sunnis, using Pakistan as base, planned fatal bombing
1008	Anglicans rebuke U.S. branch on same-sex unions
1009	Homemade bombs kill 65 on Indian train
1010	Al Qaeda chiefs are seen to regain power
1011	Chvez threatens to jail violators of price controls
1012	Bush declares Iran's arms role in Iraq is certain
1013	Accord on North Korea is announced
1014	U.S. says powerful Iraqi cleric is living in Iran
1015	Baghdad plan is a success, Iraq prime minister tells Bush
1016	Iraqi sunni lands show new oil and gas promise
1017	Dispute over Iraqi cleric, said to have gone to Iran
1018	Planning seen in Iraqi attacks on U.S. copters
1019	In the world of life-saving drugs, a growing epidemic of deadly fakes
1020	Basics: a mammal in winter with a furnace of her own
1021	Books on science: The problems in modeling nature, with its unruly natural tendencies
1022	Believing scripture but playing by science's rules
1023	A familiar and prescient voice, brought to life
1024	Findings : A cool $25 million for a climate backup plan
1025	Call it serendipity: a missing piece of Washington's war tent is found
1026	Free Will: Now you have it, now you don't
1027	Archaeologists find signs of early chimps' tool use
1028	Wizardry at Harvard: physicists move light
1029	The summit - a slap in the face of the Palestinians
1030	Moscow says Palestine-Israeli contacts key to Mideast peace
1031	Mideast summit edns with little progress
1032	India decries 'an act of sabotage'
1033	Pakistan-India peace talks planned despite bombings
1034	Czechs, Poles get missile warning
1035	Russia warns US against missile bases in East Europe
1036	Cheney starts visit to Japan, Australia
1037	China: Cheney shores up the trilateral alliance
1038	Iraq insurgents attack US base
1039	US soldiers die in day of violence
1040	Iraqi suicide attack kills two US troops as militants fight purge
1041	Iran reneges on nuclear payments to Russia
1042	Top Colombia official resigns
1043	Colombia FM resigns after relatives' arrests for militia links
1044	Foreign minister of Colombia quits in scandal
1045	New Zealand unlikely to allow crippled Japanese whaler
1046	Damaged Japanese whaling ship may resume hunting off Antarctica
1047	Japanese whaling ship won't accept help
1048	Iran top N-envoy heads for Vienna for nuke talks
1049	Victims of Air India still wait for justice
1050	Kanishka bombing case: Inquiry judge threatens to quit
1051	Judge threatens to shut down Air-India inquiry
1052	Royal rescues presidential hopes with commanding performance
1053	Royal seeks to revive French bid
1054	Sarkozy comfort zone offers a royal opportunity
1055	Hicks first in line for trial, Bush says
1056	Australia tells Bush to speed up Guantanamo trial
1057	Howard presses Bush on terror suspect
1058	France ends toxic alert at Canadian embassy in Paris
1059	Paris police investigate package at Canadian embassy
1060	False alarm at Canadian embassy in Paris
1061	Afghan forces retake town that was overrun by Taliban
1062	Taliban seize rural district in southwest as police flee
1063	Afghan poppy war alienates farmers
1064	Will North Korea honor pledge this time?
1065	Kim Jong-il bans Japanese cars in North Korea
1066	Iran vs. North Korea: not all enemies are equal
1067	Catholic archbishop outlines Anglican merger hopes
1068	Anglican and Catholic churches could merge
1069	US helicopter crash kills 8 troops in Afghanistan
1070	Eight US soldiers killed in Zabul helicopter crash
1071	Arroyo lauds passage of anti-terror bill
1072	House passes anti-terrorism measure Manila
1073	Livingstone's transport empire may extend
1074	London is pace-setter on congestion toll, says mayor
1075	Protest greets congestion charge's westward push
1076	Thailand attacks kill three, injure 70
1077	Thai Govt moves to smooth over relations with south
1078	Bombings say Muslim rebels won't negotiate
1079	Roots of autism more complex than thought
1080	Largest ever autism study identifies two genetic culprits
1081	Canadian breakthrough offers hope on autism
1082	Beware of peanut butter pathogens
1083	Experts offer advice on salmonella
1084	Experts issue new heart disease guidelines for women
1085	For women, aspirin a day could keep stroke away
1086	High cholesterol raises stroke risk healthy women
1087	Cooked chicken breasts join tainted-food recalls
1088	Ready to eat chicken breasts recalled due to suspected listeria
1089	Fully-cooked chicken strips recalled 
1090	Committee debates cancer vaccine plan
1091	Stop cancer with a shot
1092	1 mln birds to be vaccinated from bird flu near Moscow
1093	Thousands tested after Russian H5N1 outbreak
1094	Russian bird flu outbreak is deadly "Asian strain"
1095	Bernard Matthews to lay off up to 500 workers
1096	Matthews lays off 130 turkey workers
1097	Reopening bird flu-hitfactory ignores risks - poultryman
1098	Goodbye to girlhood
1099	Media cited for showing girls as sex objects
1100	Sexualisation 'harms' young girls
1101	A shot in the arm
1102	Thousands line up to get late flu shots
1103	King county offering some free flu vaccines
1104	Bush vows cooperation on health care
1105	Health returns as hot issue in '08 race
1106	Small-business owners find Bush health plan appealing
1107	Pediatricians say more cord blood is needed now
1108	Whether to save cord blood can be puzzle for parents
1109	Retinal implant helping blind people see again
1110	Indonesia "will not share" flu samples
1111	Health Canada issues advice on canned tuna
1112	Cholesterol link in diabetes study
1113	Pig cells hope for diabetes cure
1114	Sick hearts switch on a fetal gene
1115	Foetal mechanism helps heart failure
1116	Planned cesareans not risk-free, group warns
1117	Scientists tout cocoa's health benefits
1118	Feeding your brain: new benefits found in chocolate
1119	Some cocoa may improve brain blood flow
1120	Lawyer for deceased Nazi-era collaborator Papon vows to bury him 
1121	Cocoa could be antidote to age-related diseases, says new study
1122	China denies reports of North Korean apology
1123	Hungarian opposition calls for vote after violence escalates
1124	AU regrets Sudan's expulsion of UN envoy 
1125	Bush officials: no big move in Iraq plan 
1126	Opponent is put on the spot over remarks about Clinton
1127	House ethics panel talks to Hastert aide
1128	BellSouth says profit rises 30% on cingular earnings
1129	Enron boss gets 24-year sentence
1130	Sony apologizes for battery recall
1131	Google unveils do-it-yourself search engine
1132	Firefox 2.0 hits the Web
1133	Oracle World opens with Dell unveiling AMD-powered computers
1134	Seahawks' QB Hasselbeck out 2-4 weeks
1135	Marathon winner released from hospital 
1136	Punter charged with stabbing asks to live outside state
1137	Allmendinger joining Toyota team in NASCAR 
1138	Trying to assess the damage in Cleveland 
1139	Bryant's boot may have salvaged Bucs' season
1140	This week in auto racing October 27 - October 29
1141	Merriman violation stuns ex-teammate
1142	Bruce revells in upset
1143	Steelers' Roethlisberger has concussion
1144	Arthurs upsets Robredo in first round at the St. Petersburg Open
1145	Mbeki: 2010 World Cup Planning on Track
1146	Clinical Everton show Moyes means business
1147	MS Adds Office 2007 to Vista Coupon Program
1148	One search does not fit all
1149	Apple's dark secret? The 39% claim
1150	Bad weather cancels men's downhill
1151	Cool millions for YouTube founders
1152	London market a shopping, dining haven
1153	'Jackass' star marries childhood friend The secrets people reveal
1154	Audio Slide Show: A love story lasting 61 years
1155	Microsoft to release next generation phone
1156	Body Shop's Roddick has Hepatitis C
1157	Teen allegedly armed by mom turns self in
1158	Oxfam: action needed for Chad
1159	Violence continues at disputed holy site
1160	Storm leaves behind major travel troubles
1161	3 U.S. troops killed hunting weapons cache
1162	China's 'Friends' highlights Web freedoms
1163	NATO: Afghanistan peace 'by 2009'
1164	Alaska's northern lights captivate Japanese
1165	Smith can't be buried until hearing
1166	Spacewalker sets new U.S. record
1167	Fortune: India the Superpower? Think again
1168	Kerry blasts 'escalation of misguided war'
1169	Anna Nicole claimant: A prince of a guy?
1170	'Ronnie' and Eto'o hug and make up
1171	Best of the Chicago Auto Show
1172	'Grey's,' 'Betty,' 'Scrubs' get boost
1173	Massive mud traps dozens of families
1174	Edwards blogger quits, becomes journalistic martyr
1175	Town packs gym to mourn 10 killed in fire
1176	Spain ahead although Nadal is out
1177	ECB holds rates at 3.5 percent
1178	Iran rejects US claims of supplying weapons in Iraq
1179	Jakarta begins disinfection
1180	Rowling 'heartbroken,' 'euphoric' at 'Potter's' end
1181	Apple revs up Mac attacks on Vista
1182	Fear hinders black marrow donation
1183	Texan allegedly joined Somalia rebel plot
1184	U.S. to allow 7,000 Iraqi refugees
1185	Japan: Whaling activists 'terrorists'
1186	'Hannibal' bites the big one
1187	Women protest Pakistan demolition
1188	Wii news for gamers
1189	Democrats look beyond symbolic vote on Iraq
1190	Portugal to vote on abortion laws
1191	Frustration rises as North Korea nuclear talks stall
1192	Horse teeth give details of ancient big chill
1193	Scam lures victims with free puppy offer
1194	Two Koreas to resume talks
1195	Mickelson driving force at masters
1196	England opt for Bopara over Loye
1197	Create own 'Thrillville' for a wild ride
1198	Edwards' campaign blogger quits amid Catholic controversy
1199	Judge: Preserve Anna Nicole's body
1200	Dolphins, sea lions may report for duty soon
1201	Nasdaq-LSE battle nears deadline
1202	A personal plea for HPV vaccine plan
1203	U.S. opens door for Iraqi refugees
1204	Swiss plane crashes at Moscow airport
1205	Study: napping might help heart
1206	MySpace sales surging
1207	Telecoms giant slashes 12,500 jobs
1208	Air France KLM profit rises
1209	Uganda parliament votes to send troops to Somalia
1210	King and queen reign at British film awards
1211	Murphys rule box office with 'Norbit'
1212	Thousands rally in Lebanon
1213	Yahoo's mission quest
1214	Area should get 3-5 inches of snow today
1215	Miss Brazil wins lawsuit competition
1216	Snow wreaks havoc in East, Midwest
1217	The secrets people reveal
1218	Research supports medicinal marijuana
1219	All African amputee football games kick off
1220	Group: Video shows chopper go down
1221	Sale of Chrysler possible
1222	Russia condemns terrorist acts on buses outside Beirut
1223	Technology may save India's river dolphins
1224	Airbus A380 superjumbo takes off
1225	Naps are great for chaps
1226	Female astronaut sets record
1227	Corn stoves popping up in U.S. homes
1228	Iraq closes borders with Syria and Iran
1229	The troubling ending of 'The Departed'
1230	Vietnamese bank plans IPO listing
1231	Toyota's Scion parks in Second Life
1232	Obama will run in 2008
1233	'Cagney & Lacey' finally coming to DVD
1234	Merkel: Stop Iran
1235	Salt Lake City mall shooter was teenager
1236	Female astronaut sets record
1237	Oil holds at $58
1238	Obama announces presidential bid
1239	Tell your boss: Naps are good for you
1240	Serbia rejects United Nation's Kosovo plan
1241	Amish discuss shootings
1242	Jail me, I ate Ivory Coast chocolate
1243	Can North Korea be trusted?
1244	Tourism lags in Bush's hometown
1245	Astronaut's arrest tests NASA's mettle
1246	Man gets second chance at space ride
1247	Go ahead, take a nap, science says
1248	Weekly Nielsen will 'Lost' find its way back?
1249	Brith Airways baggage charges cause confusion
1250	Indonesian with bird flu dies
1251	St. Louis poised for entertainment upswing
1252	New York City may ban iPods while crossing street
1253	Boy allegedly told to kill by mom gives up
1254	Gray wolves off endangered list
1255	Vista's hyped security will be tested
1256	UK police slammed over terror raid
1257	Mogadishu residents flee blasts
1258	Bomb kills 18 on military bus in Iran
1259	'WarioWare,' Wii make perfect fit
1260	U.S. at odds with cleric's aide
1261	Desperate Iraqi mother relies on militia for help
1262	Full details of the EU report on Iran
1263	Singer on Cowell: Glad he was mean
1264	Jones faces Europe meetings snub
1265	Beckham goal helps Real snatch win
1266	Guinea: Plan offices close as country declares emergency
1267	Japan's economy grows
1268	United Nations peacekeepers raid Haitian slum
1269	Work starts on Arctic seed vault
1270	Social networking goes mobile
1271	Beauticians cut, curl, offer stroke-prevention info
1272	Siesta cuts risk of heart disease death, study finds
1273	Thomas Cook to merge with MyTravel
1274	Nap your way to a successful career
1275	Village buried by 100 inches of snow
1276	Oprah announces new book club pick
1277	The science of love ... and lust
1278	Northeaster cancels flights, shuts schools
1279	Napping may be good for your heart
1280	Ryan O'Neal injured son's girlfriend
1281	Chrysler's Valentine's Day massacre
1282	Madrid bombings trial begins
1283	Fight starts over HPV vaccine
1284	Autos drive European gains
1285	James Brown's partner can get her things
1286	Auto show canceled
1287	UK luxury maker Burberry: 'Made in China'?
1288	On-the-job naps might cut heart risk
1289	No. 1 Florida survives Rupp Arena, streak hits 16
1290	J.K. Rowling marks spot of 'Potter's' end
1291	Gronholm takes a commanding lead
1292	Howard slams Obama on Iraq policy
1293	Manila hints at ransom approval
1294	Champion Murray too good for Kim
1295	G7: Yen skates by, yuan singled out
1296	Gunman 'was Srebrenica survivor'
1297	Cutting through the clutter to get things done
1298	Mother: Lohan is doing 'great' in rehab
1299	Who's going to win at the Grammys?
1300	Libby defense upsets judge, rests
1301	Breakup rings find new homes
1302	Gronholm ahead as Solberg crashes
1303	'Norbit' a waste of Murphy
1304	Rocky start for Bangkok airport
1305	12 dead in Lebanese minibus bombings
1306	Sex torture claims hit Russia army
1307	Mega-marsupials once roamed Australia
1308	Rupert Murdoch's secret TiVo
1309	UPDATE 1-Plane crashes at Moscow airport, no passengers
1310	HPV vaccination stirs heated debate in America
1311	Court TV: Accused killer tells jury a love story
1312	Whistle-blowing Web site exposed
1313	Start late, retire rich
1314	Somali PM vows to bring Islamists to justice
1315	Swingers more common than most think
1316	Anna Nicole Smith fans mourn in cyberspace
1317	Antibiotic Ketek more dangerous than thought
1318	Time to book your cruise
1319	'Blazing Angels' for PS3 fails to soar
1320	North Korea aid demand stall talks
1321	Cartoon Network head steps down
1322	Malaysia aggressively wooing tourists
1323	Anna Nicole Smith's Bahamas home seized
1324	Andromeda involved in galactic collision
1325	Rwanda mulling 3-kid limit for families
1326	Wilkinson sets record in tame win
1327	Army engineers say dam safe
1328	France: Al Qaeda suspects arrested
1329	Utah gunman survived Srebrenica
1330	Creating a whole album in a month?
1331	India to test new nuclear missile
1332	G7 to China: Ease exchange rate grip
1333	Hatton hands back IBF title again
1334	Bernanke: Economy healthy, but...
1335	Mickelson, Sutherland share lead
1336	Napping is good for your heart, study finds
1337	Princess Masako author: No regrets
1338	Students use IM-lingo in essays
1339	Malaysia launches tourism campaign
1340	Study: Africa's Internet gap getting wider
1341	Travel chaos as heavy snow hits UK
1342	Paula Abdul: 'I have never been drunk'
1343	Salmonella outbreak traced to peanut butter
1344	Putin: U.S. force fostering nuke ambitions
1345	Nuke detectors to ring New York, official says
1346	Double bus-bombing kills three in Lebanon
1347	Davydenko out as seeds scattered
1348	Obama: I'm running for president
1349	Paterson boots Scotland to victory
1350	African-Americans are organ donors these days, but what about bone marrow?
1351	Study: On-the-job naps might help heart
1352	Guinea capital largely calm under curfew, marital law
1353	Bosses sleeping on idea of letting workers take naps
1354	Teacher's porn conviction sparks tech debate
1355	Singapore pampers its waterfront promenade
1356	Rwanda mulls three-child limit
1357	Samsung settles price-fixing lawsuit
1358	Radical cleric al-Sadr in Iran, U.S. insists
1359	Reports: Harvard set to name first female president
1360	Iraq unveils new security plans
1361	University offers support to New Orleans school
1362	Storm causes slick, icy roads
1363	South Korea fire kills 10 foreigners
1364	Prehistoric lovers found locked in eternal embrace
1365	Charts: Is your city lean or lethargic?
1366	Peru leader questioned in massacre probe
1367	U.S. commander: Iraq not hopeless
1368	Australian PM stands by Obama attack
1369	Mardi Gras rebound in the offing for New Orleans?
1370	Siestas may cut heart disease risk
1371	Oregon snorkeler mistaken for rodent, shot in face
1372	Petraeus takes command in Iraq
1373	6 dead after Utah Mall shooting rampage
1374	Sharks kill four people in 'dull' year
1375	Record-shattering day on Wall St.
1376	Comedian says government silences critics
1377	Rockers big winners at Brit Awards
1378	Samba school leader killed before Rio carnival
1379	Taiwan's 'Mr. Clean' indicted, steps down
1380	Woman fights to keep drunken driver in jail
1381	Al Qaeda group calls for attacks on U.S. oil
1382	Cousin: Gunman was Srebrenica survivor
1383	Turkmenistan votes for president
1384	Here is some advice to take to heart...
1385	10 don't-miss tax breaks
1386	Police break up Kosovo protests
1387	Messi makes Barcelona squad return
1388	Jump reported in accidental drug-overdose deaths
1389	Catania punished for fan violence
1390	Isinbayeva sets 20th world record
1391	Lawmakers blast FDA drug safety oversight
1392	Regular naps make hearts healthy
1393	Ice stops trolleys cold
1394	U.S. gunman 'was Srebrenica survivor'
1395	Outdated baby food found on shelves
1396	Tow truck drivers accused of stealing cars
1397	Bush: It's time for Congress to back energy plan
1398	UK soldiers cleared of Iraq abuse
1399	FDA revises label warnings on the antibiotic Ketek
1400	Toshiba Portege R400
1401	South Africa mourns Adelaide Tambo
1402	Evacuees can return home after plant blast
1403	Anna Nicole Smith's body lies in legal limbo
1404	Former teacher poses for Playboy
1405	France rejects Rwandan investigators
1406	A nap a day may keep the heart doctor away
1407	Higley, Gonzalez lead in Malaysia
1408	Grammys ready to name winners
1409	Pound will not drop Armstrong case
1410	Reunited Police to start world tour in May
1411	Turkmen acting leader sworn in as new president
1412	Allen and Okur get All-Star call
1413	Svindal claims are golden double
1414	Trolley Square shooting leaves 6 dead, including gunman
1415	Bridge blast stops I-95 traffic
1416	Mother, daughter stabbed near school
1417	Excerpt: Politicians and the press
1418	North Korea gets 'money and respect'
1419	Beyonce in a bikini as SI's swimsuit cover model
1420	Loving with all your ... brain
1421	Shoplifters' choice: Police or T-shirt of shame
1422	Cuban official: Web a 'wild colt'
1423	Slow 'Music and Lyrics'
1424	Mexican navy helps in hunt for U.S. engineer
1425	Smith baby may not be pot of gold
1426	Latest updates on world's top stories
1427	Beating leaves teen in coma
1428	Tiempo Libre has Grammy dreams
1429	GPS sneakers locate with press of a button
1430	Embattled Edwards blogger quits campaign
1431	Britons deported from Somalia held under Terrorism Act
1432	Updates on world's top stories
1433	Breast cancer drug promises hope
1434	Ancient coin shows Cleopatra was no beauty
1435	YouTube yields surprising payback
1436	Up to 22 inches of snow in forecast
1437	Werder make 10-man Ajax pay price
1438	EU condemns 'illegal' CIA flights
1439	Report links humans to global warming
1440	UN nuclear watchdog slashes Iran aid
1441	Survey: Tech a tool in teen dating abuse
1442	The breast cancer breakthrough saving 1000 women a year
1443	Tourist spot resists gravity, but not progress
1444	The NFL's 20 biggest potential free agents
1445	World tourism sets record in 2006
1446	BA to charge $470 for an extra bag
1447	Kuerten returns to winners' circle
1448	World's oldest newspaper now exists only online
1449	Japanese whaler afire in Antarctic
1450	EU document: Iranian bomb unstoppable
1451	U.S. urged to lead on 'green' actions
1452	See if your city is one of the United States' top 10 fittest or fattest
1453	Lee in pre-World Cup injury scare
1454	New cancer drug to save a thousand lives a year
1455	Ex-teacher guilty in nude-pictures scheme
1456	Fire extinguisher part of Tennessee execution kit
1457	Founder returns to Dell helm
1458	Charles Gibson takes over first place
1459	Ex-Border Patrol agent beaten in prison
1460	'Made in China' irks some Burberry shoppers
1461	Stonehenge workers' village found
1462	Who is Prince Frederic von Anhalt?
1463	Latest food-fad -- 'space potatoes'
1464	Ethiopia readies for millennium all its own
1465	Good news for slackers: Naps may cut risk for heart problems
1466	Snowbirds shortening their Florida stays
1467	Win a (concert) date with the Police
1468	Snow begins, heavy accumulations expected
1469	Jet flips in snowstorm, none dead
1470	Frantic 911 call in Ryan O'Neal case
1471	Durant's success trumps the Gators
1472	Scientist snoops in astronauts' journals
1473	YouTube founders split $650M payout
1474	African nation hopes Whoopi can help
1475	United hang on to six-point lead
1476	Lawyer seizes Smith's Bahamas home
1477	Was Prince's super show too revealing?
1478	Clijsters looks for a long goodbye
1479	Snow's too deep even for snowmobiles
1480	Study: Female seals picky about mates
1481	ROUNDUP: Protests erupt despite "state of siege" In Guinea
1482	Study: More kids exposed to online porn
1483	Beyonce new SI bikini cover girl
1484	Marijuana helps ease HIV nerve pain, study says
1485	Serena misses Bangalore tournament
1486	Dryer blamed for fire killing 39 cats, dogs
1487	Roddick, Murray score in San Jose
1488	Apple trademark dispute settled
1489	U.S. online love brokers eye China
1490	U.S. diverts troops to fight Taliban
1491	'House of Cards' actor Ian Richardson dead
1492	Taliban leader killed in airstrike
1493	Escape to Prague without the summer hordes
1494	Kathmandu: First snow in 63 years
1495	Nasdaq fails in bid for LSE
1496	Ex-pastor gets death sentence
1497	Baby born on turnpike after dad misses exit
1498	Study links chimps and 'hammers'
1499	UN-Google Earth map climate change
